-- phpMyAdmin SQL Dump
-- version 4.7.4
-- https://www.phpmyadmin.net/
--
-- Host: 127.0.0.1
-- Generation Time: Dec 02, 2020 at 10:53 PM
-- Server version: 10.1.30-MariaDB
-- PHP Version: 7.2.1

SET SQL_MODE = "NO_AUTO_VALUE_ON_ZERO";
SET AUTOCOMMIT = 0;
START TRANSACTION;
SET time_zone = "+00:00";


/*!40101 SET @OLD_CHARACTER_SET_CLIENT=@@CHARACTER_SET_CLIENT */;
/*!40101 SET @OLD_CHARACTER_SET_RESULTS=@@CHARACTER_SET_RESULTS */;
/*!40101 SET @OLD_COLLATION_CONNECTION=@@COLLATION_CONNECTION */;
/*!40101 SET NAMES utf8mb4 */;

--
-- Database: `tea1`
--

-- --------------------------------------------------------

--
-- Table structure for table `alogin`
--

CREATE TABLE `alogin` (
  `id` int(11) NOT NULL,
  `email` tinytext NOT NULL,
  `password` longtext NOT NULL
) ENGINE=InnoDB DEFAULT CHARSET=latin1;

--
-- Dumping data for table `alogin`
--

INSERT INTO `alogin` (`id`, `email`, `password`) VALUES
(1, 'admin', 'admin');

-- --------------------------------------------------------

--
-- Table structure for table `employee`
--

CREATE TABLE `employee` (
  `id` int(11) NOT NULL,
  `firstName` varchar(100) NOT NULL,
  `lastName` varchar(100) NOT NULL,
  `email` varchar(100) NOT NULL,
  `password` text NOT NULL,
  `birthday` date NOT NULL,
  `gender` varchar(10) NOT NULL,
  `contact` varchar(20) NOT NULL,
  `nid` int(20) NOT NULL,
  `address` varchar(100) DEFAULT NULL,
  `dept` varchar(100) NOT NULL,
  `degree` varchar(100) NOT NULL,
  `pic` text NOT NULL
) ENGINE=InnoDB DEFAULT CHARSET=latin1;

--
-- Dumping data for table `employee`
--

INSERT INTO `employee` (`id`, `firstName`, `lastName`, `email`, `password`, `birthday`, `gender`, `contact`, `nid`, `address`, `dept`, `degree`, `pic`) VALUES
(101, 'Mehadi', 'Hassan', 'mehadi@xyz.corp', '1234', '1997-08-13', 'Male', '1917', 12121, 'Razarbagh', 'IT', 'Head', 'images/me.png'),
(103, 'Steven', 'Wilson', 'wilson@xyz.corp', '1234', '1990-02-02', 'Male', '5252', 6262, 'Thames, UK', 'Creative', 'MSc', 'images/sw-google.png'),
(104, 'Guthrie', 'Govan', 'guthrie@xyz.corp', '1234', '1971-12-01', 'Female', '9595', 5959, 'Chemsford, USA', 'Creative', 'MSc', 'images/test.jpg'),
(106, 'Hacker', 'Man', 'hackerman@xyz.corp', '1234', '1990-02-02', 'Male', '7575', 5757, 'Underground, Dhaka', 'NetworkSecurity', 'MSc', 'images/hacker.png'),
(108, 'Andrew', ' Ng', 'andrew@xyz.corp', '1234', '1976-04-16', 'Male', '758758', 857857, 'USA', 'AI', 'PhD', 'images/download.jpeg'),
(109, 'Ian ', 'Goodfellow', 'ian@xyz.corp', '1234', '1985-01-01', 'Male', '852852', 258258, 'USA', 'AI', 'PhD', 'images/1-5.jpg'),
(112, 'grace', 'BISIMWA', 'chiruzabisimwa@gmail.com', '1234', '2020-12-09', 'Male', '784545831', 201720131, 'Kigali', 'Maintenance', 'DR', 'images/passport.jpg');

-- --------------------------------------------------------

--
-- Table structure for table `employee_leave`
--

CREATE TABLE `employee_leave` (
  `id` int(11) DEFAULT NULL,
  `token` int(11) NOT NULL,
  `start` date DEFAULT NULL,
  `end` date DEFAULT NULL,
  `reason` char(100) DEFAULT NULL,
  `status` char(50) DEFAULT NULL
) ENGINE=InnoDB DEFAULT CHARSET=latin1;

--
-- Dumping data for table `employee_leave`
--

INSERT INTO `employee_leave` (`id`, `token`, `start`, `end`, `reason`, `status`) VALUES
(101, 301, '2019-04-07', '2019-04-08', 'Sick Leave', 'Approved'),
(103, 306, '2019-04-08', '2019-04-08', 'Concert Tour', 'Approved'),
(101, 307, '2019-04-14', '2019-04-30', 'Want to see GOT', 'Pending'),
(104, 310, '2019-04-08', '2019-04-09', 'Emergency Leave', 'Pending'),
(101, 311, '0000-00-00', '0000-00-00', '', 'Pending');

-- --------------------------------------------------------

--
-- Table structure for table `former_employees`
--

CREATE TABLE `former_employees` (
  `id` int(11) NOT NULL,
  `firstName` varchar(30) NOT NULL,
  `lastName` varchar(30) NOT NULL,
  `gender` varchar(10) NOT NULL,
  `contact` int(11) NOT NULL,
  `nid` int(11) NOT NULL,
  `department` varchar(30) NOT NULL
) ENGINE=InnoDB DEFAULT CHARSET=latin1;

-- --------------------------------------------------------

--
-- Table structure for table `message`
--

CREATE TABLE `message` (
  `id` int(11) NOT NULL,
  `name` varchar(30) NOT NULL,
  `email` varchar(40) NOT NULL,
  `message` varchar(100) NOT NULL
) ENGINE=InnoDB DEFAULT CHARSET=latin1;

--
-- Dumping data for table `message`
--

INSERT INTO `message` (`id`, `name`, `email`, `message`) VALUES
(3, 'Eloi', 'Paddy12@gmail.com', 'what???');

-- --------------------------------------------------------

--
-- Table structure for table `project`
--

CREATE TABLE `project` (
  `pid` int(11) NOT NULL,
  `eid` int(11) DEFAULT NULL,
  `pname` varchar(100) DEFAULT NULL,
  `duedate` date DEFAULT NULL,
  `subdate` date DEFAULT '0000-00-00',
  `mark` int(11) NOT NULL,
  `status` varchar(50) DEFAULT NULL
) ENGINE=InnoDB DEFAULT CHARSET=latin1;

--
-- Dumping data for table `project`
--

INSERT INTO `project` (`pid`, `eid`, `pname`, `duedate`, `subdate`, `mark`, `status`) VALUES
(213, 101, 'Database', '2019-04-07', '2019-04-04', 10, 'Submitted'),
(216, 106, 'Hack', '2019-05-04', '2019-04-05', 5, 'Submitted'),
(219, 101, 'PHP', '2019-04-07', '0000-00-00', 0, 'Due'),
(222, 103, 'Statistical', '2019-04-19', '2019-04-04', 6, 'Submitted'),
(223, 108, 'Software Scema', '2019-04-09', '2019-04-02', 3, 'Submitted'),
(225, 109, 'ML', '2019-04-03', '2019-04-04', 6, 'Submitted'),
(227, 103, 'buying tools', '2020-11-19', '0000-00-00', 0, 'Due'),
(228, 101, 'ulk mis', '2020-12-08', '0000-00-00', 0, 'Due'),
(229, 101, 'ulk mis12', '2020-12-09', '0000-00-00', 0, 'Due');

-- --------------------------------------------------------

--
-- Table structure for table `rank`
--

CREATE TABLE `rank` (
  `eid` int(11) NOT NULL,
  `points` int(11) DEFAULT '0'
) ENGINE=InnoDB DEFAULT CHARSET=latin1;

--
-- Dumping data for table `rank`
--

INSERT INTO `rank` (`eid`, `points`) VALUES
(101, 0),
(103, 0),
(104, 0),
(106, 0),
(108, 0),
(109, 0),
(112, 0);

-- --------------------------------------------------------

--
-- Table structure for table `salary`
--

CREATE TABLE `salary` (
  `id` int(11) NOT NULL,
  `base` int(11) NOT NULL,
  `bonus` int(11) DEFAULT NULL,
  `total` int(11) DEFAULT NULL
) ENGINE=InnoDB DEFAULT CHARSET=latin1;

--
-- Dumping data for table `salary`
--

INSERT INTO `salary` (`id`, `base`, `bonus`, `total`) VALUES
(101, 55000, 0, 55000),
(103, 65000, 0, 65000),
(104, 78000, 0, 78000),
(106, 60000, 0, 60000),
(108, 50000, 0, 50000),
(109, 85000, 0, 85000),
(112, 100000, 0, 100000);

--
-- Indexes for dumped tables
--

--
-- Indexes for table `alogin`
--
ALTER TABLE `alogin`
  ADD PRIMARY KEY (`id`);

--
-- Indexes for table `employee`
--
ALTER TABLE `employee`
  ADD PRIMARY KEY (`id`),
  ADD UNIQUE KEY `email` (`email`);

--
-- Indexes for table `employee_leave`
--
ALTER TABLE `employee_leave`
  ADD PRIMARY KEY (`token`),
  ADD KEY `employee_leave_ibfk_1` (`id`);

--
-- Indexes for table `message`
--
ALTER TABLE `message`
  ADD PRIMARY KEY (`id`);

--
-- Indexes for table `project`
--
ALTER TABLE `project`
  ADD PRIMARY KEY (`pid`),
  ADD KEY `project_ibfk_1` (`eid`);

--
-- Indexes for table `rank`
--
ALTER TABLE `rank`
  ADD PRIMARY KEY (`eid`);

--
-- Indexes for table `salary`
--
ALTER TABLE `salary`
  ADD PRIMARY KEY (`id`);

--
-- AUTO_INCREMENT for dumped tables
--

--
-- AUTO_INCREMENT for table `alogin`
--
ALTER TABLE `alogin`
  MODIFY `id` int(11) NOT NULL AUTO_INCREMENT, AUTO_INCREMENT=2;

--
-- AUTO_INCREMENT for table `employee`
--
ALTER TABLE `employee`
  MODIFY `id` int(11) NOT NULL AUTO_INCREMENT, AUTO_INCREMENT=113;

--
-- AUTO_INCREMENT for table `employee_leave`
--
ALTER TABLE `employee_leave`
  MODIFY `token` int(11) NOT NULL AUTO_INCREMENT, AUTO_INCREMENT=312;

--
-- AUTO_INCREMENT for table `message`
--
ALTER TABLE `message`
  MODIFY `id` int(11) NOT NULL AUTO_INCREMENT, AUTO_INCREMENT=4;

--
-- AUTO_INCREMENT for table `project`
--
ALTER TABLE `project`
  MODIFY `pid` int(11) NOT NULL AUTO_INCREMENT, AUTO_INCREMENT=230;

--
-- Constraints for dumped tables
--

--
-- Constraints for table `employee_leave`
--
ALTER TABLE `employee_leave`
  ADD CONSTRAINT `employee_leave_ibfk_1` FOREIGN KEY (`id`) REFERENCES `employee` (`id`) ON DELETE CASCADE ON UPDATE CASCADE;

--
-- Constraints for table `project`
--
ALTER TABLE `project`
  ADD CONSTRAINT `project_ibfk_1` FOREIGN KEY (`eid`) REFERENCES `employee` (`id`) ON DELETE CASCADE ON UPDATE CASCADE;

--
-- Constraints for table `rank`
--
ALTER TABLE `rank`
  ADD CONSTRAINT `rank_ibfk_1` FOREIGN KEY (`eid`) REFERENCES `employee` (`id`) ON DELETE CASCADE ON UPDATE CASCADE;

--
-- Constraints for table `salary`
--
ALTER TABLE `salary`
  ADD CONSTRAINT `salary_ibfk_1` FOREIGN KEY (`id`) REFERENCES `employee` (`id`) ON DELETE CASCADE ON UPDATE CASCADE;
COMMIT;

/*!40101 SET CHARACTER_SET_CLIENT=@OLD_CHARACTER_SET_CLIENT */;
/*!40101 SET CHARACTER_SET_RESULTS=@OLD_CHARACTER_SET_RESULTS */;
/*!40101 SET COLLATION_CONNECTION=@OLD_COLLATION_CONNECTION */;
